"File","Action","SHA256"
"1.21.1-maid_storage_manager-1.15.6.jar","included","15241CA71F6620F8B4B21189B1C092D470968AFCA55003A02FBA6CF798F9F837"
"1.21.1-maid_useful_task-1.4.2.jar","included","E9334D429FF9DA4EDE5B9A8D2CAD0F8472C3821BA20C8EC5E6A8827A52278711"
"abridged-2.0.2-neoforge-21.1.jar","included","E346909876D72C9F14B5B9DCD4A3653FA850CAC5B45BE8A94FC222079FE2710D"
"accessories_compat_layer-neoforge-0.1.12+1.21.1.jar","included","D9B673EBC4766A59663E4CC73D50E0FF3A371334E599C7890941E6E0BDD286AE"
"accessories-neoforge-1.1.0-beta.53+1.21.1.jar","included","10017A3DA78EA63E9ECE27A1CA32F8CF490362F348778CF8CB759E7282F3BEB0"
"accessorify-2.4.0-beta.5+1.21.1-neoforge.jar","included","69DA8640B4E4C165FEF85678A8F0FE9AFCC9B88DCF070117B43986E1BC87463B"
"adventuredungeons-neoforge-1.21-1.3.1.jar","included","A5AE9687C37AB5A383D1B3A5A6F46A0B8BDEB3ACA643745323C3B78C6CA6C347"
"aether-1.21.1-1.5.10-neoforge.jar","included","B19386301560A017A458E9790A7B59999E270F93010DEF0B61E7CBE4C8630DBF"
"aileron-1.21.1-neoforge-1.1.4.jar","included","18E3FA14E352B3DF2FE1E670828EE51120A50B37345DAE0E5C3A84C44D557527"
"alexsmobsup-0.2.6-neoforge-1.21.1.jar","included","9ECED88788E90C7F9772D92A68DED30D31B666797F8C934052361B2B8B4F6547"
"allurement-1.21.1-5.0.2.jar","included","54C08BB3C81B32278A7A95BFDFE7C4260B9C91E48C20BDA5723EB23FC47936F0"
"AmbientSounds_NEOFORGE_v6.3.8_mc1.21.1.jar","excluded-client","07EE6FD24D8427EE079E2E376095B0AC92450B0153331F1575F8195E2C9CF90B"
"amendments-neoforge-1.21-2.1.7.jar","included","F2AB59FEDFBFA09B67C55271599C9E31A2B44CDCBCF60CC2EE70B69C2FE0CF84"
"another_furniture-neoforge-4.0.2.jar","included","C61A66C73BCC5147D9983DC72C485493A612D2DBC078FCB86E2024155E34B7DD"
"archers-neoforge-3.0.2+1.21.1.jar","included","03110B068DF0E7EA0A1210F2C648698C6B971653493BCA9A8841396F11E71FA8"
"architectury-13.0.11-neoforge.jar","included","9CC92F2C09533FC5482C60F993BD891C655A0E32B637037CDCB7C2B23ADEDEEB"
"armordamagescale-1.21.1-3.5.jar","included","E751E07E4895C541ADF1713B58CD2137FBD9C68BBB6893AC637B9C8B5B791572"
"armory-neoforge-1.4.2+1.21.1.jar","included","EE5DC49F7751B0CCAB3BDC14D8A713CEFBCC5E3BB03BC0961346E34ED91B8346"
"arsenal-neoforge-1.4.3+1.21.1.jar","included","4BB8B24627FC8511915199C2B3C84BCA640F93448CAD348C01B6BDB6B6F0994B"
"asynclogger-2.2.1+1.21.1-neoforge.jar","included","8D8636510632428D7AD65EBB4DDE120C3E6F13F69D5295D43440B2306311C9FE"
"AsyncParticles-21.1.3.0+1.21.1.jar","excluded-client","41586A02561550D03A99C44962564DC3C9213EC145461D38E9FE809C1FC13793"
"auto_third_person-neo-1.21.1-2.2.jar","excluded-client","6B73AAF8AA5427949B1C1A462AB9EC5F1711B0A03B92041C48A86B0DD87AED76"
"azurelibarmor-neo-1.21.1-3.1.3.jar","included","7D95EA861C06ED99EE75D1DA9A6A7A61B5D8FDD8F476A0DF5E8D76B84796DCD0"
"BadOptimizations-2.4.1-1.21.1.jar","excluded-client","22E2467892D3706F43D1CF2AA637785BB8601C20B0098A82AB956E6A8FC4D2BA"
"baguettelib-1.21.1-NeoForge-2.0.3.jar","included","98ADDFB68B1E92D4F40EF37CDEA8F46217BF7188991CC7347A3FC510A410F1E5"
"balm-neoforge-1.21.1-21.0.63.jar","included","CCED7E33B55E77E241A967BA29F52232185C1C3E72AF7B4DD255BD557BB9AEE0"
"bclib-21.0.24.jar","included","A7EFD02DD3409DBAC9C8455C5ED4FA4CA340E2AF1C39F211038198DFA1C92093"
"better_fishing-1.0.0-neoforge-1.21.1.jar","included","11DD491108930DF762581857052BFEA63048BF096DBC89B682A61AD79C85DD85"
"bettercombat-neoforge-2.4.0+1.21.1.jar","included","0446E9FAA98B764BA010AC31E337D14AC96BBB2FBFEFF9B599E1EFD510DFDE5A"
"betterdays-1.21.1-3.3.6.3-NEOFORGE.jar","included","03ACAD0637DD5D86361178EB3E87AD8F2ED965E9C84514DF4DC4228BB24AA2AA"
"BetterEnd-21.0.29.jar","included","83818873FD9B0F754E67F9D3217E36EB24BAD53EEB170EE3391ED67AF0EEDCBD"
"BetterNether-21.0.22.jar","included","761D4E6C579E1C1E056D7FFF01C28505D77AF91FB67BDF7600C75E84A523EA51"
"biolith-neoforge-3.0.14.jar","included","DED9169EFB903198046CF44CF91A290EC836ED83A28E29179087EB860E0E6CE9"
"biomespy-neoforge-1.21.1-1.3.3.jar","included","2207CCFF37F0631EBFAF692CF5AED9304835298C34DF31C39B8558FD8C568ACB"
"blueprint-1.21.1-8.1.1.jar","included","6A60D361D6AAF61273B65036958A646FF05D9ECB22FC706074A7E886E55EC190"
"blur-neoforge-6.3.1+1.21.1.jar","excluded-client","292F8A8F7BD29589634B574A9E61F9A08F4ED9417D39F32F5B55B2AC6C22156B"
"boatload-1.21.1-6.0.2.jar","included","E9E3AC4E5A625254F475F72EB36692CC49FF9C1F6AFD42758EB82987D6D90B54"
"BOMD-NeoForge-1.21-1.3.3.jar","included","93DA8753A00229E41C5ED399E6CF849737E7BD9B4109D5D8E4AD3A20136DEB82"
"BrewinAndChewin-neoforge-4.5.0+1.21.1.jar","included","9F6581823C2449DDE4AC1E9B4F5A7CC226C42E058E656741AB392F714F443971"
"bundle-api-neoforge-1.1.0.jar","included","73328888D1DEDE4C121974A0914F5A35CB857283223217A59DE7B5B697E43771"
"buzzier_bees-1.21.1-7.0.1.jar","included","C44256A3433ADD5EB1B5F6587AAD3B03DC29D586F7549DF3BBE1B81A15683EA7"
"c2me-neoforge-mc1.21.1-0.4.0-alpha.0.116.jar","included","D8608E105A084E38EE86F01056F00A92DB7FD3E480D8AD4F72D25C8B97E71248"
"caveore-1.21.1-4.0.jar","included","5301E0C153503F35B374F2F5F5233E5FA45EBD4F41D37867A8F45871AF076C46"
"caverns_and_chasms-1.21.1-3.0.0.jar","included","A39FA4CF95F372953B5303B1FDC9077376B59B941FD5EF11E26DB8ACF5470BAC"
"CerbonsAPI-NeoForge-1.21-1.3.0.jar","included","5C750762B31AB79127DF6F455351FE79793D8C2B41E1A0F94B335A5A1123534D"
"cherishedworlds-neoforge-10.1.1+1.21.1.jar","excluded-client","73A352263E4D21DC4EAA9D52B31F949B896C507AEC373E4218B0942FFF8F73A3"
"chloride-NEOFORGE-mc1.21.1-v1.8.1.jar","excluded-client","D0B0A80A241078F917AFB96E53821D7C70C38FAEBACA9ADEE0C86A9A8CB482C1"
"citadelup-0.1.6-neoforge-1.21.1.jar","included","FB3D17543797A301FC68282DAA27B6AD424EFCC67A6DE2FB724DFAE7E7858235"
"clayworks-1.21.1-4.0.3.jar","included","2F802DB71B45D39029706A70DDCB45840E697E4092AB3E41F155C789043CC2CE"
"cloth-config-15.0.140-neoforge.jar","included","65E722E0D98431A07C45F8BDD8D529A217CC8C175FDE1740248BD5C1B4F3C0D4"
"clutternomore-2.0.6+1.21.1-neoforge.jar","included","86909E6ED4277A8AE415DA518747426D5B0DF876154229B5EA09CB90A4459554"
"CNB-1.21.1-neoforge-1.7.17.jar","included","B519175838E0ECB94CEA63A831737B81403049427804A02B5E15C4E306EEDAD5"
"colorwheel-neoforge-1.2.9+mc1.21.1.jar","excluded-client","9259E4ADB5B091FE2BD60E57BE7F0B2EC9872F1C97FF6D2ED3BB2A9A5EC6407F"
"combat_roll-neoforge-2.0.6+1.21.1.jar","included","4904AE4C392D51C431C915822D817DE608FD524632021CE417A17CE1A0185F17"
"ConfiguredDefaults-v21.1.3-1.21.1-NeoForge.jar","included","48B97DADA951826B4ABF9B2DCAB79C0E701BB2980C5BCA4977BAC7CA0C264EA7"
"connectivity-1.21.1-7.6.jar","included","2366973DDAE5BA00B9BA15A26E5B610A6648038B9F2549BF81B9AE61342B281A"
"connector-2.0.0-beta.15+1.21.1-full.jar","included","687FE56AD3D93228ABD1D3AA1E898C796E4697E7BE5E6BE551FA420487063D40"
"continuity-3.0.0+1.21.neoforge.jar","excluded-client","4CC0A4A09AE09C64BB567E42381652B700F9CADE5067A75E83115662CC475F0A"
"controllable-neoforge-1.21.1-0.25.4.jar","excluded-client","7C1396186BB70EE9704CD725FD05752FF52E6ECA1B89F87C26BD6FD5F1B6F1D8"
"Controlling-neoforge-1.21.1-19.0.5.jar","excluded-client","CC525FB6B030D9E4D33176983F278919E17B33935E2CA568929BDFA98F2B44A0"
"ConvenientEffects-v21.1.4-1.21.1-NeoForge.jar","included","6FD661A70AFEEC2725F597C7FD500A7D87DB2013FE6D951AB7FB22503CC9B1E8"
"copycats-3.0.4+mc.1.21.1-neoforge.jar","included","8480E2A62EAA625F75776831C1D8A9EF3D77D2D816FA2E67566C6EC25BA745D1"
"corpse-neoforge-1.21.1-1.1.13.jar","included","F61E750EB2CB49867483D34D6630E02597A52E41680FC38D1C65ECE4EF36FD2B"
"corpsecurioscompat-1.21.1-NeoForge-4.0.1.jar","included","4FC4702868B51CBB94717F2C209373F2823FB1383A45C77FFDBEB6DF96440D51"
"create-1.21.1-6.0.10.jar","included","EF87FE5709F1BA1F5B8BB20A2925B5AFB4669E178FD6D8BF10C167759EEFE37A"
"create-aeronautics-bundled-1.21.1-1.3.2.jar","included","A3F330D4757640F8715D991A43EEDB826E4D0E51558D859C843AE6693BD35F1E"
"create-central-kitchen-2.5.0.jar","included","EF581FB9E62FFDA6BF5E1C6854847F5E53FE7DD43ADB4C1A318426481468AFEC"
"create-enchantment-industry-2.4.2.jar","included","81F192BB53888E01F87A82EAAC2F261C93715F2221DBCF5D8A8D414F912F75EF"
"create-integrated-farming-1.2.6.jar","included","6EEF62F0A46D68E0FEC18CE23C14104A0608FF9C66939C59E88C606FA268DD40"
"createcontraptionterminals-1.21-1.3.0.jar","included","7C4EFA9B10DC9684F835EEBB7C7D9C3B9032587D3F848BCF6120BC7E4771EAED"
"CreateDragonsPlus-1.11.2b.jar","included","9B15E464465A639DE9EF5A935AE9FD94EA545904517D1428BC784A4012E0A1E2"
"createmetalwork-2.0.0.jar","included","2CC07F6C62219BF0434F322180330E7276B16A9AF5B44527C494B2E7AF274583"
"CreateXNET-1.21-v1.0.jar","included","056C40D2B538869AC9A844CF69EF029DF7788A90907B5EA7B28B341E020D1076"
"CreativeCore_NEOFORGE_v2.13.41_mc1.21.1.jar","included","BD4164B9EC8E21775E34A99A8D21E5280EE8CC6D3BD003A1B32DC3ADA59AE887"
"critical_strike-neoforge-1.0.0+1.21.1.jar","included","E76E26EDDB36F93FE4A291D44091D2B68CAF6C71A7149057EC7BE8A3D5742BC9"
"crittersandcompanions-neoforge-1.21.1-2.6.2.jar","included","9AC35089802C1316C7F64D0EF277A700B7365155A986B79B7C90E75FAF8B13A6"
"cupboard-1.21.1-3.9.jar","included","6CEA20B8318EA7C4CFCEBB30A90B2E52AD91A457051B285B1EF02C5C00F08BE8"
"curios-neoforge-9.5.1+1.21.1.jar","included","A45DF2125C26219974ABA7507FFC9AFE7B83ACC941A386AF3FAACB1CC0056FDE"
"customtimecycle-neoforge-0.1.6-1.21.1.jar.disabled","excluded-disabled","E7D24F3D3CEC1385B45CDB5E8F9A2CE25C18B125043293CA113BCBA84377F537"
"DecorativeBlocks-Reborn-neoforge-1.21.1-6.0.2.jar","included","B45AF6E2CC1E1D6E78A4EF4A89D256D067C4F3711CE9153E048A2ACD2DB59DAC"
"deep_aether-1.21.1-1.1.5.1.jar","included","0F55AD970715BB933344E785B2C35A7354DFBA25FFD426C0B68921D08BBE0CE5"
"DisableAnnounceAdvancements-0.0.1-neoforge-1.21.1.jar","included","97D360EBD690522111F904CC264F0B43A6287686B2A7A7B9F566C9FD67A15A78"
"DistantHorizons-3.2.0-b-1.21.1-fabric-neoforge.jar","excluded-client","D6A7A963F794501678113E2545D8B25C90E123EF6B9256BB5716907D059E1EF5"
"DnT-nether-fortress-overhaul-v2.4 [NeoForge].jar","included","CFA79BE379C70F993786BB068E3F7A7864A5037E1A5E48DFBB2AED62FEEC73D7"
"DnT-ocean-monument-replacement-v1.2 [NeoForge].jar","included","BDC4CFCC780BB27E674D999532F5626252F563E49BA3A056320D853124127A90"
"DnT-pillager-outpost-overhaul-v2.2 [NeoForge].jar","included","DC776B9C27D1FA3FE8662D001C9BBC39B193D3DAB544D8F42390B8C46B9B22DE"
"dummmmmmy-neoforge-1.21-2.1.0.jar","included","0B9AEBAE5437545681AA9931223F987F6B8C3019DD0157EC0A1B6CEE227B46AF"
"dungeons-and-taverns-v4.4.4 [NeoForge].jar","included","1DB28E89E0CB76AEBE9E40955D1866E8AC1779575D15C2A1E250AC804A762D05"
"durability_tweaks-neoforge-1.0.2.jar","included","21DD5B30723D93E40151BF4C9F4FD154B9968F15539A0389C1DC66A6FA4D9858"
"dynamicvillagertrades-1.0.0+1.21.1-neoforge.jar","included","62DE281B39503C1D1D5E6766377DF18C4E9F2F81D383DAC643BE8B13EB5FC5A8"
"effortlessbuilding-4.2+1.21.1.jar","included","1FEDBC3F6866541A96DA24E75649CA5F9599B37E15A0B32A9C920AC3DBCF5F90"
"emi-1.1.24+1.21.1+neoforge.jar","included","B68691F94F0727FC517CAC2AB55BD6658D1179CC8CC715FE610B60C37469BC4C"
"endersdelight-1.3.0.jar","included","2210B5D3C7CE22BA8FFB6F70BB620C838A4B514A4CBD40A6A2B74B529199B5C0"
"entity_model_features-3.2.4-1.21-neoforge.jar","excluded-client","84C22F2BE06EE6BFAB265A443E075225878BBA9F408843030DC6DE3152E9DEDB"
"entity_texture_features_1.21-neoforge-7.1.jar","excluded-client","B2E396543C678B8378A2D5557A0CD3D24790364BFF7E96EDAF17921112D6176B"
"entityculling-neoforge-1.10.5-mc1.21.1.jar","excluded-client","2EACD2BADA39BF1D1EF695736646790C619C0E6CDEAF3D7E3CFC9139D26FAE02"
"EuphoriaPatcher-1.9.3-r5.8.1-neoforge.jar","excluded-client","9FF48C18CB5FD3425A6C15B16CE16656D6419FDB695E662D9A3CBE5604C40563"
"everycomp-1.21-2.11.48-neoforge.jar","included","DB7308AD4B98C36136AF45B0C9BDAA51C757C65DF0FFC20481DD6E83FC63A6ED"
"explore_ruins_aether-1.0.0-neoforge-1.21.1.jar","included","4FC02D88511E580E9660D96ADEC4F317FAE4CB61B1702E7475DF3C26B1F9CB99"
"ExplorersCompass-1.21.1-3.4.0-neoforge.jar","included","71E7B47BD88C9C210D7C06FE5276736FC2E225E869778216537D584E6D1FAF24"
"extrasounds-1.5.4+1.21.1-neoforge.jar","excluded-client","020A830E16742477934317DA256C98E20D8802FE32560C13FDE1D9F6A052A6F0"
"ExtremeSoundMuffler-3.56_NeoForge-1.21.jar","excluded-client","3C4152461540E3CCE8FE25C3E1A1FA8CE6982BBAD44DCA6D3B7E30A05AB2D531"
"FallingTree-1.21.1-1.21.1.11.jar.disabled","excluded-disabled","70EE147602D2239E7A093E166FDF0C0ABCEF959D5D457C0F8F3669EF9B483DC4"
"fancymenu_neoforge_3.9.8_MC_1.21.1.jar","excluded-client","76A79CB865883362D326C3D53C6473E2884F204DF0143934EAE8185BD1887F64"
"fancytoasts-neoforge-1.21.1-1.4.7.jar","excluded-client","A352F25089C0C2402040068A8D07AB465A522520E5A6150BBBAABBE530ACE551"
"FarmersDelight-1.21.1-1.3.2.jar","included","8FF438D62E1FCE61542945FAAE45975D823E04BD6E73A07A121EA05CE2F03DE7"
"farsight-1.21.1-5.1.jar.disabled","excluded-disabled","741851D107E0E105DA6EFC863BB1E787A2AB57B70B7086DAEEE0B325D20AFAE2"
"fast-ip-ping-v1.0.11-mc1.21.1-neoforge.jar","excluded-client","C93500AA25EAA7BC473E753B8ABF4234E7C46713D50BB82B30383EE47E646F5A"
"FastItemFrames-v21.1.6-1.21.1-NeoForge.jar","included","E831A12CA075450295AA26C8862D641498F8031AF10674D60A791D2F27BE17BE"
"fastpaintings-1.21-1.3.0-neoforge.jar","included","782AFB6F4C631C9D3313B6442D304B36336F794273DFA5C381485142020CA05A"
"featurify-neoforge-1.0.4+mc1.21.1.jar","included","600B024985F7A67E30401344FE4DCFFB3F14CF8654D86A3F5709C23261A9DEBD"
"ferritecore-7.0.3-neoforge.jar","included","D87EA28262715EBFF45B8A82D493E6B468E7A4521BC021DF5D88302196D030A8"
"forgified-fabric-api-0.116.14+2.3.0+1.21.1.jar","included","4A2487DAC22314075B0C2F4BAF61A08B332D38B706FB0BB3FADFB060A8CA05A3"
"framework-neoforge-1.21.1-0.13.11.jar","included","429EA90A162D7C25C1463EE60979E4D7B1DDB525D9384A3A2A2F45D70BDA03F5"
"ftb-library-neoforge-2101.1.34.jar","included","603E7C9FC8E7020642F2FF6D3A904EF5CB12F7CF8B683C5FF8B08F120D083CFF"
"ftb-quests-neoforge-2101.1.28.jar","included","41CC04C308EE3EFFB5CAC11DB1A3740734D2A35C690A2CC2181D014D036BB730"
"ftb-teams-neoforge-2101.1.10.jar","included","A656F2AA0E11A933AAB3BA697690AA0EB2041F65E6C5DAA448897EE0A6D37A6C"
"fzzy_config-0.7.6+1.21+neoforge.jar","included","4E5CC1438087B0BC0276969E88B9AD0BDF2BCC60D6CAF5FE79E18947D7A29050"
"gallery-1.21.1-2.0.1.jar","included","76C6DC099BB0D05DAF0F226BEF99EFA05AEABC0DB1B6EFA7B6187FCAA53A4FFB"
"Galosphere-1.21.1-1.5.5-NeoForge.jar","included","4E6F7084110C78180B327E134CE3F43420ABE58B0719E6963B2E9E26A99BAB5F"
"gazebo-neoforge-2.1.0+1.21.1.jar","included","FD7B7AEF0EE5B0FF7BC629D843B809EB4D4FA33DFCB843F165C556BAB75D7ED7"
"geckolib-neoforge-1.21.1-4.9.2.jar","included","5E548466AF9AB6ACA7A91A7C7D4DC0DC8BC385E22958AED5DA0E7BEBD0FA3FBA"
"getittogetherdrops-neoforge-1.21.5-1.4.jar","included","A09466D03E3DDE0C0F5C179146A8247B33A720A88979EB813C5F2AA2AD1C7A78"
"goblintraders-neoforge-1.21.1-1.11.2.jar","included","523AEBC80BAAB377072FE26C5FF9D1C3649764F185131E7849ACD99833D406DD"
"grind-enchantments-4.0.1+neoforge-1.21.1.jar","included","E69E677570DF1E655532BEDDF9269368B420A150254B8D83910E0ED317466262"
"Hearths v1.0.5.mod.jar","included","97391792DE6C404BF93D145CB213CDACB98CD0C0130CDB4012BA6DC63F51F3F5"
"hidetab-1.0.0.jar","excluded-client","EC002F96B7A5BD34C362F90EBDB3F97DFCE3C24E235BC0DEDE33C01C65079FA4"
"IDA v2.1.1-1.21.1.jar","included","7F2A599523139697AEBEB30F3C811F33F62D7ACF85374B4EE967C95E34D366DA"
"idas-1.13.7+1.21.1-neoforge.jar","included","7F5031DD90AE0B32D7FE5C6C47C877CAC1EB95A178BC78D196CB24C17CE82522"
"ImmediatelyFast-NeoForge-1.6.11+1.21.1.jar","excluded-client","336DF12F099D1A441A3E06850BEA86E9C2D0C8BC022D3D9A201870A201562A04"
"immersive_optimization-neoforge-1.21.1-0.2.0.jar","included","C30F5F599558F9776FAC7F033B1E9774E5D2F9BBA3C00E34D2F8B25022344DE7"
"ImmersiveUI-NEOFORGE-0.3.3+1.21.1.jar","excluded-client","6B914E305F27962A91D49A659B77EB65F47ACEE9D79930801B4FC1D3E474C8A4"
"infernalexp-neoforge-1.21.1-0.3.12.jar","included","57C972BFA7FD7CB7173887DAD501AEFCA632566D76D307AE05EE74F12420D691"
"integrated_api-1.7.4+1.21.1-neoforge.jar","included","9C6F772D0F50DC91474F887C25447D388555E3A3D9DD581CE6EBF6783B7CC03E"
"integrated_cataclysm-1.0.6+1.21.1-neoforge.jar","included","18B71FC9F2CC2541E1F63DCD5862519FC433C6D7270F397E7AFD4E08C56C1F1C"
"integrated_stronghold-1.1.4+1.21.1-neoforge.jar","included","C6AC6AD68DE806524615238F8A7EFE511C417B8CD56FFCEB7DD62AAD9C8B821B"
"iris-neoforge-1.8.14-beta.1+mc1.21.1.jar","excluded-client","60D5F8BF52F25E9986440F4A4270A6BD986D9CFF994510E1108AC1547063B314"
"item_descriptions-2.8.0+1.21.1-neoforge.jar","excluded-client","29773325B0AAAC251471B7D9FC15ED3B6712C68B429A5354C6097637E053BFAB"
"ItemPhysicLite_NEOFORGE_v1.6.11_mc1.21.1.jar","excluded-client","F6ED887D2E0A43EEB4617080F7617E368614BEAA2AE80F7532A05D1B8C3DA3D7"
"Ixeris-4.6.0+1.21.1-neoforge.jar","excluded-client","9E37E907CFC510EDCDC1045742CD6220BB1540C5C5E124808CBE67F55DB5A2AB"
"Jade-1.21.1-NeoForge-15.10.5.jar","included","067BB4B007E1D6F6B79F0AFE99C91252AA825472B99A76D33A60D24442F9E92D"
"jei-1.21.1-neoforge-19.42.0.385.jar","included","0C2A1CBA52689AFE8EEE875EB1BBBF31325230D529AE9C78E7651EEF50BE9001"
"jewelry-neoforge-2.3.2+1.21.1.jar","included","9D825E03C6A8F4CFFFBFBB8CF99F5F96EC2152F41F197D9A2D0FE2209BD8E720"
"Kiwi-1.21.1-NeoForge-15.8.7.jar","included","F1222AC3773B2814D40EE6E77129BB27A29D82EC76D7A878BA23D3F5F9F8A392"
"konkrete_neoforge_1.9.9_MC_1.21.jar","included","791C5538751DD3015EF3A2CE92D98719E1A28A48EBBD817B78506771256654CD"
"kotlinforforge-5.12.0-all.jar","included","095AED94F21B4E55895B21EA957750AE3AB829FBCFC6D3C66A3489F5F1128D46"
"kubejs-create-neoforge-2101.3.1-build.18.jar","included","60FAB77C339E5757A97A9A1E2D4019ED2A610BD46583D4353C9A13596E01E614"
"kubejs-neoforge-2101.7.2-build.368.jar","included","28867299E7A9F02CFD74E34745FDBBB073FE4887FDDBC98FD6C1ED2E87B01482"
"L_Ender's Cataclysm 1.21.1-3.32.jar","included","679C8687281CDAC01E80DE1672F27DB1BAF6AD5C68C74D752806B9D5CE246AC3"
"lambdynamiclights-4.8.10+1.21.1.jar","excluded-client","94E955443CE3817F798C74CBBBB4973E7B55C8B6DEC12808B9378E74376B2EB9"
"lionfishapi-3.1.jar","included","AEEBF0692650AFBBC78259C0D4E3D5B7EDF037707E8AE5D56045066D83A19CF6"
"lithium-neoforge-0.15.4+mc1.21.1.jar","included","488F33216030C1CB0BAA33E59DE3D657D08D5795A6C2080C8C8BBBC133FC8757"
"lithostitched-1.7.13-neoforge-21.1.jar","included","A90B1D485B138328CEAA156B7897B0829EB1EE1522B997870A53129AE65E5512"
"localmodtranslator-2.0.10.jar.disabled","excluded-disabled","5ECEC4D22ADFAB7015B82E9EED456DF4EF57C15EF23B10807AE487F7E5BF27B6"
"localmodtranslator-2.0.11.jar.disabled","excluded-disabled","622E8C71CE9BB7057359C53C06058A85F0327FB4929A047BA7B99FAF47286F4C"
"localmodtranslator-2.0.12.jar.disabled","excluded-disabled","C8E6962E56C1A622DBCCF62BA21747A5F094ECE40EF8A3B99B351FD5188799D9"
"localmodtranslator-2.0.13.jar.disabled","excluded-disabled","C983A72DE68B27A3CC26DC9919FC6D0F540069E502800269D2FEA6D240104924"
"localmodtranslator-2.0.14.jar.disabled","excluded-disabled","15F41D94341E3A4990E96E51B8C1963AD4886F0E8321393A5C1B6ED40575ECAB"
"localmodtranslator-2.0.15.jar.disabled","excluded-disabled","4D4787FDB63BF6851E8CE1580D7305EB389563E7408F4E7FD24F46692349BE4A"
"localmodtranslator-2.0.16.jar","excluded-client","72607744F233D2D29A371427A5640679057528EA52050D6593920D44B481442C"
"localmodtranslator-2.0.6.jar.disabled","excluded-disabled","8E31F9179FB2C6DF8A172D221BBEDC3E78B8A0E07CF67D52C7F67829665BA40A"
"localmodtranslator-2.0.9.jar.disabled","excluded-disabled","2EA36FA03D742E3CCCEB36A222B9609E7B3A22DA4F1970DEE11C4B13C6FDCE56"
"lootr-neoforge-1.21.1-1.11.37.122.jar","included","FD330D69BB0740D2833AD91784EE5F8B0E4C5D8DBEE379E60E93CA2D1C252FCE"
"lukis-ancient-cities-v1.2.jar","included","B7AC57EF8F18A46BA2FBAC4458450145153A77A28DD2071ABA2959DFF81EC574"
"lukis-woodland-mansions-v1.0-1.21-1.21.4.jar","included","61C477CBE76847A204157C92B944438EDC610ABD91C71AFF1AB7E58ACA3A1E65"
"maidsoulkitchen-1.21.1-beta-v0.1.4.jar","included","311718144F170CC359F7D8B07FAE67813EECD24C2FD1253621E10261BCBD672C"
"MaidUseHandCrank_1.6.2-neoforge_21.1.219-1.21.1.jar","included","7B24CE1007C57AEFD9E444C4470C5064FEAF4E16E7198AE5049E98F103FB5049"
"melody_neoforge_1.0.10_MC_1.21.jar","excluded-client","6B973A4564703C531FC0EAE09DB08B07A38091E0A743C687B8D2049457E84871"
"midnightlib-neoforge-1.9.3+1.21.1.jar","included","76775D3A3F3A6A0304330CDD6A810944BABC9BD7EBBDEFA24EC3346A7C62A703"
"modernfix-neoforge-5.27.20+mc1.21.1.jar","included","6F367EA4002C39E3CFE27E0A0BE1008880A4B35A8482A78A437CFB9D8EE38273"
"modtabs-1.21.1-2.5.9-Neoforge.jar","excluded-client","E3CFBE8532E12FE88665EDFEDCE6145BF4A678222AA6609DA8169CC662520038"
"moonlight-neoforge-1.21.1-3.3.0.jar","included","30420824C7F9FBCA0317551C8FD6BBDCE01C8D745EDF5BC8D61E42393C5F0335"
"moreculling-neoforge-1.21.1-1.0.8.jar","excluded-client","A086B2157458E8E1214232A52A2A92924481FD3FD6620A61A4F23373B557E791"
"MouseTweaks-neoforge-mc1.21-2.26.1.jar","excluded-client","68E6F4201C5DE97B77929A7215C9552495696CA6A3BF3AE4EACC34E135F6CC8B"
"mowziesmobs-1.21.1-1.8.2.jar","included","B8E7E39FB6430326DE7FBB193DB56588EE8BD04D0054527924FE588F37131E4F"
"Multiplayer Spawners - Neoforge - 1.21.1 - 1.1.0.jar","included","7FEFD58B88B029EE9EBD76E93FBD10418056569C39E9652C312D0DD08DAE0177"
"music-and-melody-21.1-r3.6-neoforge-cf.jar","excluded-client","F2E7E17DAEF1E861642A0C0BDC6B55E1E52E6DAF954C0E1E13BFF20EE78124EC"
"MyNethersDelight-1.21.1-1.10.2.jar","included","002678F15AE0E61805D3BBD0BC8C7D7F683D63E6AB479FF8FB2518514134C4C2"
"natures_spirit-2.2.5-1.21.1.jar","included","D6DCC323E389C2687BACEC1457D677EF69BE0F1D32CE08D448242C479E57B074"
"NaturesCompass-1.21.1-3.4.0-neoforge.jar","included","0E249AC11B2F916C5570D9679E188DA652FA5664BA9CDB7BE5DC9FF69497539C"
"NETMiscCompat-1.21-v1.0.jar","included","E76FABDCA28E781ABC19F98EF7E4DF3521E0734639D2664869E83CB737C04A86"
"nomansland-1.5.12.jar","included","7C79F329A28BE69B9CC8308F2CC2360874E95752086768008B81B3F75C90D8A6"
"nomusicpause-1.21.1-1.0.jar","excluded-client","F37369E2F14FC48C171D33F5353B33A3FBF84A1855E7393B4BDBC8675D14A5E7"
"Not Enough Recipe Book-NEOFORGE-0.4.3+1.21.jar","excluded-client","AD4ABC829B00061D4E162DEE0DFA74219B3474D7F21385388ACA8D5F27BF23D0"
"notenoughanimations-neoforge-1.12.4-mc1.21.1.jar","excluded-client","A8705202193813DE291195AD6BBD03101C4DDC1AB2878AADB018AB92F903999F"
"NotEnoughTrials-1.21-v6.4-Neoforge.jar","included","7396A93E2492FF806794C21C30112FB3FD6472FA75F729429A23FD500C9AF1C3"
"nowheel-1.0.6+1.21.1neoforge.jar","excluded-client","0B1379CBEF442C6C21E2AB7A5DA5D29E9959FE62FD83AEF3E8A77B039CDF6B4D"
"obe+1.21.1-neoforge-1.1.36-htofix.1.jar","included","CB1C2FC2910D56AB31D4AF496EF84166949FA503E91E3A3D12B56ECD1A549046"
"OctoLib-NEOFORGE-0.6.2+1.21.jar","included","92BA07D9D9E55A65421F3C3F203C72FE5149CB024D5277267E81D812E11A7F38"
"onlyhammersandexcavators-1.21.1-1.0.2.jar","included","6BDDFE763CD2736B0174BFE24FB064217351CFB227096932166BF39CC048EBD6"
"OverflowingBars-v21.1.1-1.21.1-NeoForge.jar","excluded-client","5F856C47156915FD13FF42917401E488212BB5E2DF25FDE41F6EC1B032E383DB"
"owo-lib-neoforge-0.12.15.5-beta.1+1.21.jar","included","DE6ED336BD80154B7241A7B3276694BEFC1C94550ADD8BCDFE7F82E5172FD13D"
"paladins-neoforge-3.0.3+1.21.1.jar","included","DD54CF8EB214E7A68514FDDEC1F159A06CC891FBE02BE65FFBA0CAA689E4D70B"
"Paraglider-neoforge-21.1.5.jar","included","2F084B728383D9DE7E9C652C3A92CAD086E0B38F131B61F8900D25BA18734E44"
"particle_core-0.3.3+1.21+neoforge.jar","excluded-client","38C05981D1DC8428C7AB1130B9EC7F05BCA1B70F909ABA9C454C9611702A8DDA"
"particular-1.21.1-NeoForge-1.5.5.jar","excluded-client","9911906AE0D883A617CE950FF4F1833BD9E379C5B221DF18A2B3E09556F84B2A"
"Paxi-1.21.1-NeoForge-5.1.3.jar","included","4B60F8EB3B8B8880EFF7C3AC825CDE84394848EAC3915ED61ADE607CDD331CE7"
"plasmovoice-neoforge-1.21.1-2.1.16.jar","included","A40437EB049A719A85E55897AE03AB4B49E3730EE3C29A11C4362DABA582603D"
"player-animation-lib-forge-2.0.4+1.21.1.jar","included","DBE5DE45F5CD60C0E5E47AF14E6D564534A98456E973CF670CB881F6938EEE92"
"polymorph-neoforge-1.1.0+1.21.1.jar","included","BEC8118978ADEB052DE9C4EAF9A595830621D82515A764F32F9C8A4DD52AB94B"
"ProPlacer-v21.1.1-1.21.1-NeoForge.jar","included","20EE2F85CA16C7EACCA35FF2226FD670C01F5E285C8DD6D304EEA5A9BBA0C6AC"
"protection-rebalance-1.0.0+mc1.21.1-neoforge.jar","included","BB7B39D261C53AB28B881DAE9569E5FB87A107E902B1BB1E78D27785D01CA599"
"punchy-2.6.2-neoforge-1.21.1.jar","excluded-client","E49BE5F403C426AEA1AA5D17B0CE93719D08F00E8E78F43CF65C28FECB795EF2"
"PuzzlesLib-v21.1.52-1.21.1-NeoForge.jar","included","00069866C4C6BB67EE5192D1B425D46E6A1601DC598E61BD10B67BA5FA8B029C"
"pv-addon-priority-1.1.0.jar","included","38BDE5EA87172659E6DC246FD266EC593CCA20C3033791E96A624CF818147C6F"
"pv-addon-soundphysics-1.1.2.jar","excluded-client","CD7AF450FBC5612674149476B8142392A8040F3961C222C653ECFD6F13F81615"
"Quark-4.1-482.jar","included","0F69CE0D31CAA4F31E1FA4959541120121E27C652CD2D954839AF6B5162F0C70"
"QuarkXNET-1.21-v1.0.jar","included","4DC2294C18FD6894797E1D5AD40FF71CB1969AB8DBC8197CEFEF821F2646C63A"
"quick-pack-neoforge-1.4.0+1.21.1.jar","included","7A0837DF253CAB27438701EE2F16740FB13AF3C52279634CC63F125498F133FE"
"ranged_weapon_api-neoforge-2.3.3+1.21.1.jar","included","49F439F6B771AEECEBEEACC1E920761BA75A8DA6CE71026E18412AF06EC66405"
"RealisticNametag-neoforge-1.21.1-1.3.1.jar","included","CB3F063395644D4AF4BA612DFB084F0E1900EFCB35C7982A1FBE202BE6C1ACAC"
"reliable_recipes-neoforge-1.21.1-3.1.2.jar","included","01674E693F31FBBEA2EED7680C78749A103188B3CE200DD14DEB3D28E25025DE"
"reliable_remover-neoforge-1.21.1-2.10.8.jar","included","FE72E97B1C9F678641094B788E7B0F3EFF6DE1CAB6695582CA4597EB5AC3DA1B"
"reliable_replacer-neoforge-1.21.1-1.5.5.jar","included","AB348C83771433CA40D69124F120D46C983BD53FC93A6DE0094D1AA25A925F71"
"relics-neoforge-1.3.0+1.21.1.jar","included","55A7F34891E88A9D5371EDE19A575DA5BEDEA5770D7BE0F552CDDFB50E63C879"
"rhino-2101.2.8-build.91.jar","included","1D53D962AA4DAC54BCBB4F998C1845980CF194318F1D6B1580EA6AC15CCE5EF3"
"Ribbits-1.21.1-NeoForge-4.1.6.jar","included","794223F5A91B8B80A962754B5180EC3E2472DB6941E9B6C1CDD49324DF628389"
"rogues-neoforge-3.0.4+1.21.1.jar","included","B696AD2825F2C147E5585DA0D7E9F64A4E821E17B5AC13B3793599CDED6CDB8A"
"runes-neoforge-1.2.2+1.21.1.jar","included","BBDD9CCD8622C56BA71639F28441F0E1420B4F3AD35F53FF7EFBAFC8A11F43E5"
"rusticdelight-neoforge-1.21-1.7.0.jar","included","89634F512B96056AD19743C6EC058E49079004AB90CC159600D843459644858E"
"sable-neoforge-1.21.1-2.0.5.jar","included","C8710F85BC780BBF523E6726CEAAF76DD0B8C61479DB497B382C6BB34317E7AB"
"sawmill-neoforge-1.21-1.7.7.jar","included","7A685707B9393868E2A55AFFD5EBEDFD80665F8C3F4C82310BF1D697C94CCDBE"
"scalingmobs-1.0-neoforge.jar","included","9FB901F68FE0D054ED7B1BD6D7A0CF86AC95578CDC7653541031ACE6093036D4"
"Searchables-neoforge-1.21.1-1.0.2.jar","included","CA193F0C69033D8F709F9E073A7C1EF4EA46714E5C2F94EB23ACE12781C6AA68"
"seeu-neoforge-1.21.1-0.9.1.jar","included","0310AF97F17364F59CC54B6DF03D7A1CD92E66F5DD83E4242CE225A55C547F5A"
"shield_api-neoforge-2.2.0.jar","included","ADBD8FACFCAF318956D670FF3F0341C0D8E15E136AE9C00749A255E25A9C0194"
"shieldexp-neoforge-1.21.1-1.4.1.jar","included","473E21856ABBF1D37EDCE8310F9C1E894064A8E9B0B0086E2F12810CE5709364"
"smsn-neoforge-1.4.3-1.21.1.jar","included","52AF12F26E469759AA073A1D9D0BADAB4AE54B2994441F914D29FDB04E3FE4E6"
"SnowRealMagic-1.21.1-NeoForge-12.2.2.jar","included","B82FB35B7389D472E074FBC560EB7FBDF9522733F9D11A34036B176FEC95A76C"
"sodium-neoforge-0.8.12+mc1.21.1.jar","excluded-client","2F9E69EC9521E657100EF83B3BDF3F18DBA6078D57F9853722D7643A577B2266"
"sophisticatedbackpacks-1.21.1-3.25.73.2020.jar","included","E2608FF671B38937AE4F92195BE1393BD421A262DC6CA2BFACC735FE5EC2928B"
"sophisticatedcore-1.21.1-1.4.80.2194.jar","included","58A35E74642DE9A7FFD39604F06903DF39C166D332551C5770CA2E21685DEFC0"
"sound-physics-remastered-neoforge-1.21.1-1.5.1.jar","excluded-client","65372AD64422A20F03AD6E39AABAA827C191ABBE9BE5C35631ACC3A8105FE177"
"spell_engine-neoforge-1.9.14+1.21.1.jar","included","4564D00CB8927ECD92CC02123BD5179A5F7DF0C9EB3EE41096425D244ED26EB7"
"spell_power-neoforge-1.5.0+1.21.1.jar","included","8C2369B1EDE89800C407A62132772C61143D14D6A688D114E70341D397694050"
"stonezone-1.21-2.11.17-neoforge.jar","included","92C0D0E20C7F93D89CEF7BE379030B96EFF850BC2C039A24537327ABA931B207"
"structure_pool_api-neoforge-1.2.1+1.21.1.jar","included","C18460025B07BC05FDC95BF62621C6B56F45E4EEB1C319F12787F39EB9315EA9"
"structureessentials-1.21.1-5.0.jar","included","7ECB6C9D04E20A6803BA6E51DD226EAA289BA2C2C095248F3645222A8BFC1C8D"
"structurify-neoforge-2.0.28+mc1.21.1.jar","included","F19E4D29EA5C441BBCECC3C11427EF6A85ECF0C01855E0939436D06A52167CF6"
"super_resolution-neoforge-1.21..1.21.1-0.8.3-alpha.6+opengl.jar","excluded-client","90738304389ECF7D5A78DFFB4D352308EFEAD588E4B041DAC12D208A9DAD755B"
"supplementaries-neoforge-1.21.1-3.8.4.jar","included","8843A5B81DEF44DBB75843F4404BF195859F5C9633B394D425202C9FCB5B32B9"
"SupplementariesXNET-1.21-v1.0.jar","included","9CB2AE074273BDAD6375F7C8DFFBBA62626CD787E10521176D0CD2043EE69F18"
"tectonic-3.0.26-neoforge-21.1.jar","included","36AA9B4A8C399C9943460A7A58D91402B6D671C10AB11B099C2EE1D75AF232EA"
"TerraBlender-neoforge-1.21.1-4.1.0.8.jar","included","EDB34C388FE17EA88D0A7FD11174BBF8AE8F28A4C8CE886F1BF9A5CF0EBC36B8"
"terrain_slabs-neoforge-3.1.2.jar","included","6F439E78D40D46BA36966EA230F595D36C5BD2B6008F673117CACA13A5827DF3"
"Terralith_1.21.x_v2.6.2.jar","included","D38BD304897731B42F6C013CDC07E082E74411E80C74AABCEE385251BEB3B546"
"tolerable_creepers-neoforge-1.21.1-2.2.4.jar","included","00409C04B35863956DB034F4C3F6660D3DEC95173CB28DA6607F2C1FBAD773DA"
"toms_storage-1.21-2.4.1.jar","included","BB31B1CA0F6421F2828658B003F552D278B95DAAF827C0F41A6D080ED7E2614F"
"Too Many Entities 1.21.1 NeoForge v1.2.0.jar","excluded-client","0A989D5D3938BEC3BC576AECAB38D2D67B8A59AB89BDD7F3E7F2DE9DA0AE3380"
"tooltipoverhaul-neoforge-1.21.1-1.5.1.jar","excluded-client","2761738E610763386D4C4CBA2A77FCBF976AEFEB42B4CBD6E3807A6C1A1744CF"
"totw_modded-neoforge-1.21-1.0.9.jar","included","64FF8D5A1BD9EFB7C3F2974C07176145CE760B25A5B62BE0EECC597151BE928A"
"touhou_little_maid_spell-1.21.1-1.8.4-neoforge.jar","included","A6DC1563F3EF9FE4C24598E7E16386FF18FEAAEE5C7C3C341DDA38DAE841228E"
"touhou-maid-affection-1.7.2.2.jar","included","43B58FD558D59C04856D8EF3D9BAE0B79249EE12FF4AF651CC09D9CFDD44806D"
"touhoulittlemaid-1.5.3-neoforge+mc1.21.1.jar","included","F6DB04195820C8508704277EA76D63723804FF236A7B780369BA59EBE5CD9C27"
"TreeChop-1.21.1-neoforge-0.19.3.jar","included","2A5EC9CCA187B4A031E9DD7E5EEC8D0872F7D2BC355D88BDA633021FA7EB71B0"
"upgrade_aquatic-1.21.1-7.0.1.jar","included","AC4EDECC341435C38893D85964074A2E09E322E3FB32BE93D08F2A3165C0EBE7"
"VehicleUpgrade-v21.1.0-mc1.21.1-NeoForge.jar","included","F303F5CB70FF57B5E0188B5D23CDA2A221EEB81875D381CC17587482F1CE8095"
"wabbanode-companion-neoforge-1.21.1-1.0.1.jar","included","33789B7C8AC39B99DC5096B76B90FE16C646BA645EE7807D887D26DB0F707E9B"
"walljump-1.21.1-1.3.8-neoforge.jar","included","6450433F7785277ECEE8553B7E057867473524CF2027830BD2785A8FBEB1B1A9"
"waystones-neoforge-1.21.1-21.1.38.jar","included","DB83E6A22DB2AB703F840A4D2CC94143D66A4FF9F955AE4D9B8C2238AF731682"
"wizards-neoforge-3.0.2+1.21.1.jar","included","252C124F3001026242E5A8D1C8C133CD7D1881B360597F187FF33626B117E422"
"world-host-0.5.2+1.21.1-neoforge.jar","excluded-client","1E7B57741712F80561B40FE93A99C11564147D4ED093CADA0D37EB884B32B98A"
"worldgen-patches-1.1.0-neoforge-1.21.1.jar","included","A4A6538AD2E2C20F4654A9FBE258AD6232C07386C40EFA665FE4A7F35FC1577A"
"worldweaver-21.0.24.jar","included","CD1A1C247A4870479A64A5AD837A0F42EBFADFCD1507131284EEC05A4A6AF51E"
"wunderlib-21.0.10.jar","included","B49C7A040F87ADE1E3F73BD7335E8D68FF7A328919C192A6D2C022BAE6786A2F"
"xaerominimap-neoforge-1.21.1-26.4.2.jar","excluded-client","B722BCF794288F0ED51165CD1F057FC4505E20ABBC723B2E17E900426E443603"
"xaeroworldmap-neoforge-1.21.1-1.44.2.jar","excluded-client","2C4089C2F9132B85749A18920D6E2098744F61FE98854FCFF2E3768F2D7269FA"
"yet_another_config_lib_v3-3.8.2+1.21.1-neoforge.jar","included","B5C30321B46CFAA521645A04AFF89D2804D8167A25BB23AD4B1AE8DA73093A2F"
"YungsApi-1.21.1-NeoForge-5.1.6.jar","included","08E1D21690D3213A4C62DE6B6CF79F3527AFB2E72E0CAD0E1848D46EB8F682CA"
"YungsBetterDesertTemples-1.21.1-NeoForge-4.1.5.jar","included","2C3191AD447092CC7873A06E92F16BD3E2FF9DC31E93268B8893D06DD89E1FD6"
"YungsBetterDungeons-1.21.1-NeoForge-5.1.4.jar","included","61816C3B7C9D92C6B44F93DCE87CEB0A22827F20285D5D9C4D10D519D734DE04"
"YungsBetterEndIsland-1.21.1-NeoForge-3.1.2.jar","included","8005F1EA798D09FC05DAD07A21ED1F393A523A718197CDBD37B1CE6D9A17E4A4"
"YungsBetterJungleTemples-1.21.1-NeoForge-3.1.2.jar","included","A0D57B78C7A1891796F342B1F09C214BC27BEDF0A3A894F029DFDB2DB9F813D0"
"YungsBetterMineshafts-1.21.1-NeoForge-5.1.1.jar","included","5625930DFB3240820D6E4ECF55FFF0C39F70CE782FAD117A4D418251184C7BE0"
"YungsBetterWitchHuts-1.21.1-NeoForge-4.1.1.jar","included","888B1E6D1ADA21982A75ABFB4AFB040C9BC2CC68777EC5FCD1199B978E3D4F8D"
"Zeta-1.1-40.jar","included","4F17D1A2B9FD6D18DDB7697AA451DB7FB154053B8648F79DE279AE0D7E68A2FA"
